accuracy_base,accuracy_base_err,accuracy_large,accuracy_large_err,dynamic_accuracy,dynamic_accuracy_err,cost_base,cost_large,dynamic_cost,ibc_base2large,ibc_base2large_err,ibc_base2model,ibc_base2model_err,ibc_large2model,ibc_large2model_err,dibc_base2large,dibc_base2large_err,experiment_name
0.38321564367191746,0.008012100675163867,0.5521455730581206,0.0081950827059208,0.5162954915806627,0.008236758358213586,19775490.0,93201864.0,81143086.5,2.300671001215492e-09,1.560875068602598e-10,2.1685686828022542e-09,1.872450152010271e-10,2.9729449338838815e-09,9.63539099603752e-10,-5.741903920353899,10.350513147642584,surrogate_token_probs_1_large
