accuracy_base,accuracy_base_err,accuracy_large,accuracy_large_err,dynamic_accuracy,dynamic_accuracy_err,cost_base,cost_large,dynamic_cost,ibc_base2large,ibc_base2large_err,ibc_base2model,ibc_base2model_err,ibc_large2model,ibc_large2model_err,dibc_base2large,dibc_base2large_err,experiment_name
0.6692473118279569,0.009757386999040097,0.9346236559139784,0.005126455847559337,0.8795698924731182,0.006751257189226937,7028187.0,69712440.0,29414103.0,4.23354082381777e-09,1.7583556378609981e-10,9.395308221703383e-09,5.300355271129437e-10,1.3661547234780486e-09,2.1035679832011508e-10,121.92553733852449,15.547004003696385,surrogate_token_probs_1_large
