,base,large,cascade,base_lower,large_lower,cascade_lower,base_upper,large_upper,cascade_upper
200,95.9725570678711,104.97005450725555,73.09595847129822,94.24370587021113,102.6118227288127,67.74124877974391,96.87688841372729,106.36923666596412,77.6374570004642
400,269.07508850097656,281.6375479698181,205.661825299263,260.6044176220894,272.5441465333104,196.98564157038928,273.8976498067379,288.36151244789363,213.40156256854533
600,394.40067249536514,411.07155764102936,328.7732394039631,385.41588204875586,399.2254660107195,319.4555043935776,405.8421342976391,423.3844686716795,340.53948953449725
800,516.1766975820065,530.4980045557022,452.7549646496773,444.4661903448403,519.121636904031,440.6277333728969,527.6575633764267,544.3868431657553,464.94056096151473
1000,649.5469044744968,665.1987532675266,589.0289215147495,636.4157103784382,652.3245746098459,575.2656876288354,661.8251260869205,679.6205352187156,603.549765393883
