accuracy_base,accuracy_base_err,accuracy_large,accuracy_large_err,dynamic_accuracy,dynamic_accuracy_err,cost_base,cost_large,dynamic_cost,ibc_base2large,ibc_base2large_err,ibc_base2model,ibc_base2model_err,ibc_large2model,ibc_large2model_err,dibc_base2large,dibc_base2large_err,experiment_name
0.38286544046466603,0.007561933616473847,0.6035818005808326,0.007609650382377725,0.5297676669893514,0.0077655348086712195,12996002.0,112465968.0,74617407.0,2.218924656274302e-09,1.0785147937675892e-10,2.3839480213845396e-09,1.7589850494151287e-10,1.950249405558144e-09,2.87262083101997e-10,7.437087358672234,9.492619944518955,surrogate_token_probs_1_large
