accuracy_base,accuracy_base_err,accuracy_large,accuracy_large_err,dynamic_accuracy,dynamic_accuracy_err,cost_base,cost_large,dynamic_cost,dibc_base2large,dibc_base2expert,dibc_large2expert,experiment_name
0.3787661406025825,0.007501033745681429,0.5487804878048781,0.007694869383408554,0.4803921568627451,0.007726729690310684,22457691.0,105996814.0,88309369.0,-24.16976618357789,-105.57194296282277,-190.8044633676423,self_verification_1_base
0.3787661406025825,0.007501033745681429,0.5487804878048781,0.007694869383408554,0.48923959827833574,0.007730887022100276,22457691.0,105996814.0,91016591.0,-20.8231087977677,-105.81785258397713,-193.34419917337743,self_verification_5_base
0.3787661406025825,0.007501033745681429,0.5487804878048781,0.007694869383408554,0.48278335724533716,0.007728092416134297,22457691.0,105996814.0,87374071.0,-21.267276605760262,-105.7852155002244,-183.2284291079326,surrogate_token_probs_1_base
0.3787661406025825,0.007501033745681429,0.5487804878048781,0.007694869383408554,0.4851745576279292,0.007729277969097521,22457691.0,105996814.0,90134439.0,-22.74246628033939,-105.6768197810974,-194.17154364159268,surrogate_token_probs_5_base
0.3787661406025825,0.007501033745681429,0.5487804878048781,0.007694869383408554,0.49736967957914874,0.007732570905836986,22457691.0,105996814.0,89309018.0,-12.825000206200496,-106.40554699872156,-172.35120078033154,self_verification_1_large
0.3787661406025825,0.007501033745681429,0.5487804878048781,0.007694869383408554,0.5033476805356288,0.007732504583320764,22457691.0,105996814.0,90856088.0,-10.502251341953759,-106.57622066722001,-170.47144330990895,self_verification_5_large
0.3787661406025825,0.007501033745681429,0.5487804878048781,0.007694869383408554,0.49880439980870395,0.007732655797827691,22457691.0,105996814.0,89183760.0,-11.604839666919501,-106.49520338758118,-169.8081202485789,surrogate_token_probs_1_large
0.3787661406025825,0.007501033745681429,0.5487804878048781,0.007694869383408554,0.4961740793878527,0.0077324515248982095,22457691.0,105996814.0,93504498.0,-18.79977389744745,-105.96652556165208,-198.89765292333982,surrogate_token_probs_5_large
