accuracy_base,accuracy_base_err,accuracy_large,accuracy_large_err,dynamic_accuracy,dynamic_accuracy_err,cost_base,cost_large,dynamic_cost,ibc_base2large,ibc_base2large_err,ibc_base2model,ibc_base2model_err,ibc_large2model,ibc_large2model_err,dibc_base2large,dibc_base2large_err,experiment_name
0.8374193548387097,0.007652343206537204,0.956989247311828,0.00420756246147998,0.9518279569892473,0.00444179692606617,12233839.5,48321847.0,22406105.5,3.3132860680412552e-09,2.4198643173500495e-10,1.1247110737227831e-08,8.698205407972799e-10,1.9915657526452503e-10,2.360828831549514e-10,239.45486463464007,36.10878612437153,surrogate_token_probs_1_large
