accuracy_base,accuracy_base_err,accuracy_large,accuracy_large_err,dynamic_accuracy,dynamic_accuracy_err,cost_base,cost_large,dynamic_cost,dibc_base2large,dibc_base2expert,dibc_large2expert,experiment_name
0.6925704526046115,0.013484235688849022,0.9060631938514091,0.008525477094678121,0.7685738684884714,0.012329801197790676,6127885.5,24143371.0,13341854.0,-11.095912908408192,-120.97337594995967,-427.0434108813354,self_verification_1_base
0.6925704526046115,0.013484235688849022,0.9060631938514091,0.008525477094678121,0.7634500426985482,0.012423924913578377,6127885.5,24143371.0,14190043.0,-25.812151573570794,-117.50166597361395,-468.13951535241677,self_verification_5_base
0.6925704526046115,0.013484235688849022,0.9060631938514091,0.008525477094678121,0.7608881298035867,0.012470045604327433,6127885.5,24143371.0,13248306.0,-19.036307476503733,-119.10015632737793,-442.36028311066474,surrogate_token_probs_1_base
0.6925704526046115,0.013484235688849022,0.9060631938514091,0.008525477094678121,0.7583262169086251,0.012515548130488028,6127885.5,24143371.0,13190239.0,-21.431721960675045,-118.53505375250144,-446.5549150466321,surrogate_token_probs_5_base
0.6925704526046115,0.013484235688849022,0.9060631938514091,0.008525477094678121,0.8317677198975235,0.010936107372987105,6127885.5,24143371.0,13082511.0,68.89617630740862,-139.84432120152744,-272.5816585254838,self_verification_1_large
0.6925704526046115,0.013484235688849022,0.9060631938514091,0.008525477094678121,0.8309137489325363,0.010958199161405942,6127885.5,24143371.0,13772353.0,52.71220139270654,-136.0263573558263,-286.176801621596,self_verification_5_large
0.6925704526046115,0.013484235688849022,0.9060631938514091,0.008525477094678121,0.8548249359521777,0.010298919735340474,6127885.5,24143371.0,13274248.0,91.59074256308716,-145.1981995852202,-221.12144070032983,surrogate_token_probs_1_large
0.6925704526046115,0.013484235688849022,0.9060631938514091,0.008525477094678121,0.8240819812126388,0.011131339812819196,6127885.5,24143371.0,14348746.0,34.9924264984182,-131.84608271644228,-315.05408722177197,surrogate_token_probs_5_large
