accuracy_base,accuracy_base_err,accuracy_large,accuracy_large_err,dynamic_accuracy,dynamic_accuracy_err,cost_base,cost_large,dynamic_cost,ibc_base2large,ibc_base2large_err,ibc_base2model,ibc_base2model_err,ibc_large2model,ibc_large2model_err,dibc_base2large,dibc_base2large_err,experiment_name
0.35298935298935297,0.013676616990539209,0.6986076986076986,0.013131820237374822,0.633087633087633,0.013798541201082695,3617228.0,30899008.0,23691612.0,1.2668467585998626e-08,6.949818391104017e-10,1.3953019933178526e-08,9.678036427719488e-10,9.09067096078327e-09,2.64290682899566e-09,10.139761091543587,9.740092295398078,surrogate_token_probs_1_large
