accuracy_base,accuracy_base_err,accuracy_large,accuracy_large_err,dynamic_accuracy,dynamic_accuracy_err,cost_base,cost_large,dynamic_cost,ibc_base2large,ibc_base2large_err,ibc_base2model,ibc_base2model_err,ibc_large2model,ibc_large2model_err,dibc_base2large,dibc_base2large_err,experiment_name
0.37945755901557005,0.007689829688834048,0.5499748869914616,0.007883864955554225,0.5082872928176796,0.007923448752600105,21391255.5,100846851.0,86633445.5,2.146070731744645e-09,1.3860722722340715e-10,1.9746384019621283e-09,1.6923850772964793e-10,2.9329771935221285e-09,7.864050428160836e-10,-7.988195693957911,9.874435368572449,surrogate_token_probs_1_large
