accuracy_base,accuracy_base_err,accuracy_large,accuracy_large_err,dynamic_accuracy,dynamic_accuracy_err,cost_base,cost_large,dynamic_cost,dibc_base2large,dibc_base2expert,dibc_large2expert,experiment_name
0.3787661406025825,0.007501033745681429,0.5487804878048781,0.007694869383408554,0.39933046389287424,0.007574325085594523,22457691.0,105996814.0,28388564.0,70.37275170517223,-112.5188491073174,-145.22498091290242,self_verification_1_base
0.3787661406025825,0.007501033745681429,0.5487804878048781,0.007694869383408554,0.40076518412242945,0.00757885203461444,22457691.0,105996814.0,30815121.0,29.340754662004837,-109.50385184740222,-146.23648527487128,self_verification_5_base
0.3787661406025825,0.007501033745681429,0.5487804878048781,0.007694869383408554,0.3787661406025825,0.007501930730288005,22457691.0,105996814.0,23081619.0,-100.0,-100.0,-148.15503909174478,surrogate_token_probs_1_base
0.3787661406025825,0.007501033745681429,0.5487804878048781,0.007694869383408554,0.3813964610234338,0.007511980394545433,22457691.0,105996814.0,27007130.0,-71.59105213043216,-102.08746603032044,-149.76613680244384,surrogate_token_probs_5_base
0.3787661406025825,0.007501033745681429,0.5487804878048781,0.007694869383408554,0.5050215208034433,0.007732287925803375,22457691.0,105996814.0,69443410.0,32.03478313411354,-109.70180683489636,-128.11444591536824,self_verification_1_large
0.3787661406025825,0.007501033745681429,0.5487804878048781,0.007694869383408554,0.4971305595408895,0.007732550566992487,22457691.0,105996814.0,69140464.0,24.585891510880494,-109.1544684294606,-132.91150126306886,self_verification_5_large
0.3787661406025825,0.007501033745681429,0.5487804878048781,0.007694869383408554,0.5066953610712578,0.007731984595079838,22457691.0,105996814.0,69010635.0,35.028966026542406,-109.92181692133845,-126.72264646697748,surrogate_token_probs_1_large
0.3787661406025825,0.007501033745681429,0.5487804878048781,0.007694869383408554,0.5059780009564802,0.007732125207594501,22457691.0,105996814.0,87244566.0,-3.518308010595587,-107.0893950561072,-153.60508123511534,surrogate_token_probs_5_large
