accuracy_base,accuracy_base_err,accuracy_large,accuracy_large_err,dynamic_accuracy,dynamic_accuracy_err,cost_base,cost_large,dynamic_cost,ibc_base2large,ibc_base2large_err,ibc_base2model,ibc_base2model_err,ibc_large2model,ibc_large2model_err,dibc_base2large,dibc_base2large_err,experiment_name
0.8357333333333333,0.008556732363510077,0.9584,0.004611258107429396,0.9434666666666667,0.005334955285208464,9849421.5,38863895.0,17029358.0,4.227775033266301e-09,3.350104829711096e-10,1.5004775227933193e-08,1.4044164884309224e-09,6.83931760647517e-10,3.229574969701789e-10,254.9094999111337,43.524722677027825,surrogate_token_probs_1_large
