accuracy_base,accuracy_base_err,accuracy_large,accuracy_large_err,dynamic_accuracy,dynamic_accuracy_err,cost_base,cost_large,dynamic_cost,ibc_base2large,ibc_base2large_err,ibc_base2model,ibc_base2model_err,ibc_large2model,ibc_large2model_err,dibc_base2large,dibc_base2large_err,experiment_name
0.6666666666666666,0.01010797391438538,0.9351724137931035,0.005279540657199934,0.8703448275862069,0.007204615862992024,6564845.0,65194344.0,26543307.0,4.5797039324254984e-09,1.94504710032391e-10,1.019488691970084e-08,6.213091332166906e-10,1.6772534772326172e-09,2.3109256469444582e-10,122.61017459050969,16.53599953692687,surrogate_token_probs_1_large
