,base,large,cascade,base_lower,large_lower,cascade_lower,base_upper,large_upper,cascade_upper
200,102.91533261537552,139.60545992851257,100.4638159275055,102.26007823795081,137.94120400547982,94.25922784730793,103.39726770073176,140.9866616755724,105.8021556533873
400,302.7531455755234,398.1724239587784,296.3262169510126,298.37458120435474,390.97524405866864,287.39747721627356,304.64864688813685,402.8639003008604,303.4203206703067
600,475.31546127796173,615.78407818079,472.7518007606268,465.6999169513583,608.0143594175577,460.9629489302635,483.0055988922715,623.8148164480924,483.32447903379796
800,630.8600087016821,839.485569536686,631.8564304858446,540.3903977204114,830.05685159266,618.030716257915,642.0381053783,849.3872340425849,645.800352048874
1000,813.6084786504507,1042.0263015031815,818.7392214387655,801.2268400397152,1031.166069303453,804.0818898495287,825.4823094781489,1052.7580975830556,833.6652917861938
