accuracy_base,accuracy_base_err,accuracy_large,accuracy_large_err,dynamic_accuracy,dynamic_accuracy_err,cost_base,cost_large,dynamic_cost,ibc_base2large,ibc_base2large_err,ibc_base2model,ibc_base2model_err,ibc_large2model,ibc_large2model_err,dibc_base2large,dibc_base2large_err,experiment_name
0.6666666666666666,0.010886621079036348,0.936,0.005652326954449823,0.8741333333333333,0.007662304607215164,5665042.0,56147280.0,24835864.0,5.335209848131801e-09,2.429866931874252e-10,1.082200161613658e-08,6.944279398243099e-10,1.9758501712815138e-09,3.0409162478508646e-10,102.84116134487297,15.961172616912028,surrogate_token_probs_1_large
