accuracy_base,accuracy_base_err,accuracy_large,accuracy_large_err,dynamic_accuracy,dynamic_accuracy_err,cost_base,cost_large,dynamic_cost,dibc_base2large,dibc_base2expert,dibc_large2expert,experiment_name
0.8370526315789474,0.007578238193967509,0.9557894736842105,0.004218054212357579,0.8538947368421053,0.0072492777793095355,12500460.0,49373940.0,13882187.5,278.5320080163293,-193.3899745963158,-420.52110194977183,self_verification_1_base
0.8370526315789474,0.007578238193967509,0.9557894736842105,0.004218054212357579,0.8551578947368421,0.0072232095085859125,12500460.0,49373940.0,15409018.5,93.31060093491732,-147.69285483971984,-430.7775234474526,self_verification_5_base
0.8370526315789474,0.007578238193967509,0.9557894736842105,0.004218054212357579,0.8370526315789474,0.007579834116527894,12500460.0,49373940.0,12851563.5,-100.0,-100.0,-462.96001536795615,surrogate_token_probs_1_base
0.8370526315789474,0.007578238193967509,0.9557894736842105,0.004218054212357579,0.8395789473684211,0.00753218699896839,12500460.0,49373940.0,14827485.5,-66.28562395815678,-108.31788238616416,-475.555654447012,surrogate_token_probs_5_base
0.8370526315789474,0.007578238193967509,0.9557894736842105,0.004218054212357579,0.9461052631578948,0.00463449640662936,12500460.0,49373940.0,21401125.5,280.48917253028225,-193.8728387672923,-138.65096809312055,self_verification_1_large
0.8370526315789474,0.007578238193967509,0.9557894736842105,0.004218054212357579,0.9427368421052632,0.004768617955356984,12500460.0,49373940.0,22765451.5,219.72761341717182,-178.88197843888085,-154.76589561152346,self_verification_5_large
0.8370526315789474,0.007578238193967509,0.9557894736842105,0.004218054212357579,0.9528421052631579,0.004350581582946106,12500460.0,49373940.0,21851862.5,284.52179607351775,-194.8677522812983,-111.9559896959085,surrogate_token_probs_1_large
0.8370526315789474,0.007578238193967509,0.9557894736842105,0.004218054212357579,0.9381052631578948,0.004945523721858735,12500460.0,49373940.0,31353582.5,66.4535150948231,-141.06677696196937,-209.5606482834758,surrogate_token_probs_5_large
