accuracy_base,accuracy_base_err,accuracy_large,accuracy_large_err,dynamic_accuracy,dynamic_accuracy_err,cost_base,cost_large,dynamic_cost,ibc_base2large,ibc_base2large_err,ibc_base2model,ibc_base2model_err,ibc_large2model,ibc_large2model_err,dibc_base2large,dibc_base2large_err,experiment_name
0.4992548435171386,0.01930226447653823,0.8584202682563339,0.013458270843719769,0.7868852459016393,0.015820676801378174,2100780.0,20068736.0,12132764.0,1.998921996131309e-08,1.3096026772256878e-09,2.8671337831529707e-08,2.4877819035892658e-09,9.014021515536415e-09,2.6172755065659935e-09,43.434000361294196,15.594861016960559,surrogate_token_probs_1_large
