,base,large,cascade,base_lower,large_lower,cascade_lower,base_upper,large_upper,cascade_upper
200,73.31506085395813,80.79567611217499,38.87870053946972,68.17256164178252,80.25157140642405,32.58036607187241,79.10861992537976,81.39204626083374,45.94523643832654
400,210.62676778435707,237.81982481479645,108.75380256026983,201.33554661273956,236.12450250834226,96.92571292575448,219.5394042417407,238.77165495306252,119.42893614340574
600,335.4164523780346,377.7675549387932,177.2774895504117,321.989534637332,371.316494910419,162.8951749395579,347.5674352560192,381.71855831444265,191.13017229400575
800,436.0881681367755,474.0056089758873,248.99889309704304,374.66888898164035,462.8622979275882,233.48277380447834,453.7116173745133,483.5006159581244,266.6476181074977
1000,521.6647424995899,546.3802001774311,321.19225768744946,500.3854618644342,535.1824416138231,302.41420683208855,541.9513837457635,556.9080168277026,340.0386517148465
