accuracy_base,accuracy_base_err,accuracy_large,accuracy_large_err,dynamic_accuracy,dynamic_accuracy_err,cost_base,cost_large,dynamic_cost,ibc_base2large,ibc_base2large_err,ibc_base2model,ibc_base2model_err,ibc_large2model,ibc_large2model_err,dibc_base2large,dibc_base2large_err,experiment_name
0.8386206896551724,0.007888184924083058,0.9567816091954023,0.004360246829502653,0.9471264367816092,0.0047994724071335265,11452930.5,44966789.0,19692696.5,3.5257330796521053e-09,2.6893525140149655e-10,1.316854715612516e-08,1.1206079585787159e-09,3.8201855966908013e-10,2.565608138054279e-10,273.49813098796864,42.68326938293047,surrogate_token_probs_1_large
