accuracy_base,accuracy_base_err,accuracy_large,accuracy_large_err,dynamic_accuracy,dynamic_accuracy_err,cost_base,cost_large,dynamic_cost,dibc_base2large,dibc_base2expert,dibc_large2expert,experiment_name
0.8370526315789474,0.007578238193967509,0.9557894736842105,0.004218054212357579,0.8707368421052631,0.006885579289407923,12500460.0,49373940.0,22409223.5,5.56878970950969,-126.04552952021328,-452.1471811929808,self_verification_1_base
0.8370526315789474,0.007578238193967509,0.9557894736842105,0.004218054212357579,0.8757894736842106,0.006769221173375798,12500460.0,49373940.0,23275786.5,11.640663115375824,-127.54355898962983,-442.2256249989923,self_verification_5_base
0.8370526315789474,0.007578238193967509,0.9557894736842105,0.004218054212357579,0.8623157894736843,0.00707187997589428,12500460.0,49373940.0,22018791.5,-17.575666737434435,-120.33541741911876,-481.48951245085385,surrogate_token_probs_1_base
0.8370526315789474,0.007578238193967509,0.9557894736842105,0.004218054212357579,0.8589473684210527,0.007143869556652084,12500460.0,49373940.0,23549590.5,-38.46244185112131,-115.1823118535201,-518.6654772133893,surrogate_token_probs_5_base
0.8370526315789474,0.007578238193967509,0.9557894736842105,0.004218054212357579,0.9482105263157895,0.004548129034758882,12500460.0,49373940.0,22079250.5,260.3779998844456,-188.9110868870767,-131.0000969759545,self_verification_1_large
0.8370526315789474,0.007578238193967509,0.9557894736842105,0.004218054212357579,0.9486315789473684,0.0045306085467858035,12500460.0,49373940.0,24382381.5,191.62463864365594,-171.94851959101945,-131.97601116278653,self_verification_5_large
0.8370526315789474,0.007578238193967509,0.9557894736842105,0.004218054212357579,0.9536842105263158,0.00431346694684963,12500460.0,49373940.0,22850825.5,249.93638527660713,-186.33497151949993,-108.86164176856803,surrogate_token_probs_1_large
0.8370526315789474,0.007578238193967509,0.9557894736842105,0.004218054212357579,0.919578947368421,0.005581347068502061,12500460.0,49373940.0,22795858.5,148.930395168412,-161.41515853007067,-252.10501313701985,surrogate_token_probs_5_large
