accuracy_base,accuracy_base_err,accuracy_large,accuracy_large_err,dynamic_accuracy,dynamic_accuracy_err,cost_base,cost_large,dynamic_cost,dibc_base2large,dibc_base2expert,dibc_large2expert,experiment_name
0.34618410700236035,0.01334469106983309,0.5350118017309206,0.01399039160388932,0.3548387096774194,0.013426035343055639,6199365.0,28933310.0,8120573.0,-45.76472307180337,-104.26548480283022,-153.85044234968709,self_verification_1_base
0.34618410700236035,0.01334469106983309,0.5350118017309206,0.01399039160388932,0.35798583792289534,0.013452511335652412,6199365.0,28933310.0,10334977.0,-65.6430157737235,-102.7021009643277,-159.20951283221567,self_verification_5_base
0.34618410700236035,0.01334469106983309,0.5350118017309206,0.01399039160388932,0.34697088906372936,0.013357061631879906,6199365.0,28933310.0,6925351.0,-86.95225929517456,-101.02617600277739,-153.14973722909275,surrogate_token_probs_1_base
0.34618410700236035,0.01334469106983309,0.5350118017309206,0.01399039160388932,0.35405192761605037,0.013419317377272807,6199365.0,28933310.0,9328431.0,-69.72746153857624,-102.38086832157694,-157.41781463388747,surrogate_token_probs_5_base
0.34618410700236035,0.01334469106983309,0.5350118017309206,0.01399039160388932,0.4909520062942565,0.014028040922872312,6199365.0,28933310.0,20182098.0,24.649150014759883,-109.80338047831077,-131.31863397999115,self_verification_1_large
0.34618410700236035,0.01334469106983309,0.5350118017309206,0.01399039160388932,0.4948859166011015,0.014029604417762073,6199365.0,28933310.0,21924513.0,13.849368460633876,-108.95400150023346,-135.6130921738542,self_verification_5_large
0.34618410700236035,0.01334469106983309,0.5350118017309206,0.01399039160388932,0.5043273013375295,0.01402981287058278,6199365.0,28933310.0,21857590.0,21.59538477381691,-109.56320858347748,-126.97596300866849,surrogate_token_probs_1_large
0.34618410700236035,0.01334469106983309,0.5350118017309206,0.01399039160388932,0.4988198269079465,0.014030299248453672,6199365.0,28933310.0,26730305.0,-10.493111656520995,-107.03951917647976,-202.1939857913889,surrogate_token_probs_5_large
