accuracy_base,accuracy_base_err,accuracy_large,accuracy_large_err,dynamic_accuracy,dynamic_accuracy_err,cost_base,cost_large,dynamic_cost,ibc_base2large,ibc_base2large_err,ibc_base2model,ibc_base2model_err,ibc_base2lexpert,ibc_base2lexpert_err,ibc_large2expert,ibc_large2expert_err,ibc_large2model,ibc_large2model_err,dibc_base2large,dibc_base2large_err,dibc_base2expert,dibc_base2expert_err,dibc_large2expert,dibc_large2expert_err,experiment_name
0.45050215208034433,0.007693773887754782,0.5423242467718795,0.007704003104201969,0.513868962219034,0.00772970260055225,54238956.0,132298544.0,108108744.0,1.176307703437215e-09,1.3948158333620604e-10,1.176295888498571e-09,2.0245252134773767e-10,-1.0136283533981192e-08,-1.4192280073137963e-10,-3.460148131329976e-09,-5.824427393573998e-11,1.1763340148676515e-09,4.511526797446697e-10,-0.0010044088472222859,20.900061055166066,-111.60480450803414,2.003903520321473,-133.99663743342413,13.051088815861437,self_verification_1_large
