accuracy_base,accuracy_base_err,accuracy_large,accuracy_large_err,dynamic_accuracy,dynamic_accuracy_err,cost_base,cost_large,dynamic_cost,ibc_base2large,ibc_base2large_err,ibc_base2model,ibc_base2model_err,ibc_large2model,ibc_large2model_err,dibc_base2large,dibc_base2large_err,experiment_name
0.3476005188067445,0.017150225015144068,0.6964980544747081,0.016558214507858868,0.6368352788586251,0.017330856292110012,2270985.0,19473960.0,15260627.0,2.0281232500074183e-08,1.3857569335449366e-09,2.2266569013363157e-08,1.8770448763667673e-09,1.4160470016512585e-08,5.688944834513385e-09,9.789032857257137,11.913437138515864,surrogate_token_probs_1_large
