accuracy_base,accuracy_base_err,accuracy_large,accuracy_large_err,dynamic_accuracy,dynamic_accuracy_err,cost_base,cost_large,dynamic_cost,dibc_base2large,dibc_base2expert,dibc_large2expert,experiment_name
0.5081127241673783,0.0146094673428978,0.8599487617421008,0.010141479490259196,0.6686592655849701,0.013760902503831187,3612268.0,35014752.0,17583612.0,2.561992715475204,-108.42042978540375,-374.30407327374326,self_verification_1_base
0.5081127241673783,0.0146094673428978,0.8599487617421008,0.010141479490259196,0.609735269000854,0.014261243000251802,3612268.0,35014752.0,13835984.0,-11.283383245900309,-107.28371224464087,-395.3091861637319,self_verification_5_base
0.5081127241673783,0.0146094673428978,0.8599487617421008,0.010141479490259196,0.5149444918872759,0.014611102854828773,3612268.0,35014752.0,4483696.0,-30.02784270487167,-105.74477564092761,-382.4551961851405,surrogate_token_probs_1_base
0.5081127241673783,0.0146094673428978,0.8599487617421008,0.010141479490259196,0.5192143467122118,0.014606836266274884,3612268.0,35014752.0,5235984.0,-38.97608463118526,-105.01011711052679,-386.006694556754,surrogate_token_probs_5_base
0.5081127241673783,0.0146094673428978,0.8599487617421008,0.010141479490259196,0.6174210076857387,0.014208830375667824,3612268.0,35014752.0,8765468.0,89.32142230032962,-115.54345524248149,-330.9462462522694,self_verification_1_large
0.5081127241673783,0.0146094673428978,0.8599487617421008,0.010141479490259196,0.6310845431255337,0.014106337381449896,3612268.0,35014752.0,9607544.0,83.0712293433723,-115.03030890487777,-325.1582582074788,self_verification_5_large
0.5081127241673783,0.0146094673428978,0.8599487617421008,0.010141479490259196,0.7241673783091375,0.013066201800404575,3612268.0,35014752.0,15730240.0,59.1319422415194,-113.0648723838364,-275.9942586274896,surrogate_token_probs_1_large
0.5081127241673783,0.0146094673428978,0.8599487617421008,0.010141479490259196,0.6712211784799317,0.013733834570139238,3612268.0,35014752.0,15352248.0,24.003172744856883,-110.18076951919258,-339.91835722777904,surrogate_token_probs_5_large
