accuracy_base,accuracy_base_err,accuracy_large,accuracy_large_err,dynamic_accuracy,dynamic_accuracy_err,cost_base,cost_large,dynamic_cost,ibc_base2large,ibc_base2large_err,ibc_base2model,ibc_base2model_err,ibc_large2model,ibc_large2model_err,dibc_base2large,dibc_base2large_err,experiment_name
0.37914177077675176,0.007995675237005328,0.6048343291689299,0.00805686207282574,0.5404671374253124,0.008214100736354653,11581400.0,99812512.0,70546975.0,2.5579702360792882e-09,1.2865008936632276e-10,2.73592459072197e-09,1.9440297270185456e-10,2.199419465414815e-09,3.931533993889296e-10,6.956857907597867,9.31100902276253,surrogate_token_probs_1_large
