accuracy_base,accuracy_base_err,accuracy_large,accuracy_large_err,dynamic_accuracy,dynamic_accuracy_err,cost_base,cost_large,dynamic_cost,dibc_base2large,dibc_base2expert,dibc_large2expert,experiment_name
0.34618410700236035,0.01334469106983309,0.5350118017309206,0.01399039160388932,0.45948072383949645,0.013984192095031137,6199365.0,28933310.0,25146722.0,-28.009130772170504,-105.66192294067915,-224.08125227067126,self_verification_1_base
0.34618410700236035,0.01334469106983309,0.5350118017309206,0.01399039160388932,0.4767899291896145,0.014015213685701952,6199365.0,28933310.0,27542713.0,-26.326872624045052,-105.79422883034515,-360.44343862600874,self_verification_5_base
0.34618410700236035,0.01334469106983309,0.5350118017309206,0.01399039160388932,0.46105428796223447,0.013987712028998808,6199365.0,28933310.0,24688369.0,-25.19977527363471,-105.88287254882106,-208.37751387001774,surrogate_token_probs_1_base
0.34618410700236035,0.01334469106983309,0.5350118017309206,0.01399039160388932,0.46813532651455547,0.014001817727430177,6199365.0,28933310.0,26477171.0,-27.594043067742803,-105.6945686723018,-269.37486952002894,surrogate_token_probs_5_base
0.34618410700236035,0.01334469106983309,0.5350118017309206,0.01399039160388932,0.5074744295830055,0.014028770575505336,6199365.0,28933310.0,25787327.0,-0.864735081509095,-107.79676973889529,-154.44959602239322,self_verification_1_large
0.34618410700236035,0.01334469106983309,0.5350118017309206,0.01399039160388932,0.5074744295830055,0.014028770575505336,6199365.0,28933310.0,27598566.0,-9.2555931371768,-107.13684727613104,-228.337346669711,self_verification_5_large
0.34618410700236035,0.01334469106983309,0.5350118017309206,0.01399039160388932,0.5200629425649095,0.014019038751225982,6199365.0,28933310.0,26061181.0,5.399095199384896,-108.28940616271284,-132.37670498010385,surrogate_token_probs_1_large
0.34618410700236035,0.01334469106983309,0.5350118017309206,0.01399039160388932,0.4988198269079465,0.014030299248453676,6199365.0,28933310.0,27662782.0,-14.3817336183392,-106.73368764354507,-277.1970878787077,surrogate_token_probs_5_large
