accuracy_base,accuracy_base_err,accuracy_large,accuracy_large_err,dynamic_accuracy,dynamic_accuracy_err,cost_base,cost_large,dynamic_cost,dibc_base2large,dibc_base2expert,dibc_large2expert,experiment_name
0.3837876614060258,0.0075200146199903345,0.6028216164514586,0.007566502786401459,0.476805356288857,0.007724353194006148,13149424.0,113849344.0,57805874.0,-4.23671009035447,-104.43539904502326,-164.43765991659293,self_verification_1_base
0.3837876614060258,0.0075200146199903345,0.6028216164514586,0.007566502786401459,0.43448110951697755,0.007666001924304341,13149424.0,113849344.0,40383970.0,-14.424514284783463,-103.96353788572632,-165.66653910844335,self_verification_5_base
0.3837876614060258,0.0075200146199903345,0.6028216164514586,0.007566502786401459,0.38904830224772835,0.007539891848703346,13149424.0,113849344.0,16218090.0,-21.1853935694637,-103.65039912920405,-162.7484227463291,surrogate_token_probs_1_base
0.3837876614060258,0.0075200146199903345,0.6028216164514586,0.007566502786401459,0.39263510282161646,0.00755230155348775,13149424.0,113849344.0,20266666.0,-42.84902511713206,-102.6470203734311,-164.36467321280855,surrogate_token_probs_5_base
0.3837876614060258,0.0075200146199903345,0.6028216164514586,0.007566502786401459,0.44261119081779055,0.007681574269182412,13149424.0,113849344.0,28755810.0,73.28717217532585,-108.02601663650452,-153.95508792777116,self_verification_1_large
0.3837876614060258,0.0075200146199903345,0.6028216164514586,0.007566502786401459,0.44045911047345765,0.007677655644202613,13149424.0,113849344.0,29082194.0,63.52746750152539,-107.5739834531132,-154.89039487458095,self_verification_5_large
0.3837876614060258,0.0075200146199903345,0.6028216164514586,0.007566502786401459,0.5251076040172167,0.007722922518197341,13149424.0,113849344.0,63127698.0,29.998960336018182,-106.02106783374319,-143.90805351485554,surrogate_token_probs_1_large
0.3837876614060258,0.0075200146199903345,0.6028216164514586,0.007566502786401459,0.48087039693926353,0.007727016413628159,13149424.0,113849344.0,54021522.0,9.202543639971346,-105.05785524110377,-158.41456484057636,surrogate_token_probs_5_large
