accuracy_base,accuracy_base_err,accuracy_large,accuracy_large_err,dynamic_accuracy,dynamic_accuracy_err,cost_base,cost_large,dynamic_cost,ibc_base2large,ibc_base2large_err,ibc_base2model,ibc_base2model_err,ibc_large2model,ibc_large2model_err,dibc_base2large,dibc_base2large_err,experiment_name
0.38272225012556504,0.007702497024860073,0.6042189854344551,0.007749506279943011,0.5411853340030136,0.007897607869701243,12524520.0,108220320.0,76707219.0,2.3145920229402965e-09,1.1417707865032526e-10,2.468937678632813e-09,1.718812523766723e-10,2.0002363915706505e-09,3.511135295846843e-10,6.668374130852081,9.101237889847583,surrogate_token_probs_1_large
