accuracy_base,accuracy_base_err,accuracy_large,accuracy_large_err,dynamic_accuracy,dynamic_accuracy_err,cost_base,cost_large,dynamic_cost,dibc_base2large,dibc_base2expert,dibc_large2expert,experiment_name
0.3837876614060258,0.0075200146199903345,0.6028216164514586,0.007566502786401459,0.5114777618364419,0.007730640245720924,13149424.0,113849344.0,78330434.0,-9.935462496658836,-104.17145405102195,-173.6983722258708,self_verification_1_base
0.3837876614060258,0.0075200146199903345,0.6028216164514586,0.007566502786401459,0.5062171209947394,0.007732080105745716,13149424.0,113849344.0,78212674.0,-13.4896916985566,-104.00683538741124,-177.68522218693377,self_verification_5_base
0.3837876614060258,0.0075200146199903345,0.6028216164514586,0.007566502786401459,0.5129124820659972,0.007730098902198145,13149424.0,113849344.0,74781834.0,-3.6796035407528858,-104.461202146195,-165.9517426546638,surrogate_token_probs_1_base
0.3837876614060258,0.0075200146199903345,0.6028216164514586,0.007566502786401459,0.5100430416068866,0.007731117870291722,13149424.0,113849344.0,78137138.0,-10.682550345401518,-104.1368517234078,-174.45077279168657,surrogate_token_probs_5_base
0.3837876614060258,0.0075200146199903345,0.6028216164514586,0.007566502786401459,0.5270205643232903,0.00772137822411889,13149424.0,113849344.0,77323330.0,2.612909174843194,-104.75264790704853,-159.47180825291517,self_verification_1_large
0.3837876614060258,0.0075200146199903345,0.6028216164514586,0.007566502786401459,0.5227164036346246,0.007724693117611814,13149424.0,113849344.0,77725090.0,-1.0898432095412391,-104.58115020260298,-163.54773594846807,self_verification_5_large
0.3837876614060258,0.0075200146199903345,0.6028216164514586,0.007566502786401459,0.5167384026781444,0.007728343697771135,13149424.0,113849344.0,76316786.0,-3.2355787992630813,-104.48176771903852,-165.7277096200577,surrogate_token_probs_1_large
0.3837876614060258,0.0075200146199903345,0.6028216164514586,0.007566502786401459,0.5315638450502153,0.007717254756220632,13149424.0,113849344.0,79331146.0,2.655935239726652,-104.7546407141803,-159.1592025289214,surrogate_token_probs_5_large
