accuracy_base,accuracy_base_err,accuracy_large,accuracy_large_err,dynamic_accuracy,dynamic_accuracy_err,cost_base,cost_large,dynamic_cost,ibc_base2large,ibc_base2large_err,ibc_base2model,ibc_base2model_err,ibc_large2model,ibc_large2model_err,dibc_base2large,dibc_base2large_err,experiment_name
0.5075825156110616,0.014931974966870494,0.8599464763603925,0.010365253411443497,0.7734165923282783,0.012508688660272736,3456831.0,33523352.0,19027442.0,1.1719478976278327e-08,6.045585786091459e-10,1.7072809584493294e-08,1.2510101885532285e-09,5.969261952655207e-09,1.1206731299648211e-09,45.67891302207862,13.054586357939726,surrogate_token_probs_1_large
