accuracy_base,accuracy_base_err,accuracy_large,accuracy_large_err,dynamic_accuracy,dynamic_accuracy_err,cost_base,cost_large,dynamic_cost,ibc_base2large,ibc_base2large_err,ibc_base2model,ibc_base2model_err,ibc_large2model,ibc_large2model_err,dibc_base2large,dibc_base2large_err,experiment_name
0.5118434603501545,0.016041261563571323,0.8599382080329557,0.011137400754643851,0.7971163748712667,0.012912148031484378,3010068.0,29027072.0,18208516.0,1.3379509327161622e-08,7.50606690743346e-10,1.876987140536404e-08,1.3548994261285469e-09,5.806859359205516e-09,1.576166027978425e-09,40.28818954712704,12.825434050456053,surrogate_token_probs_1_large
