accuracy_base,accuracy_base_err,accuracy_large,accuracy_large_err,dynamic_accuracy,dynamic_accuracy_err,cost_base,cost_large,dynamic_cost,ibc_base2large,ibc_base2large_err,ibc_base2model,ibc_base2model_err,ibc_large2model,ibc_large2model_err,dibc_base2large,dibc_base2large_err,experiment_name
0.3787512100677638,0.007546223017805337,0.5500968054211036,0.007739251205218332,0.504840271055179,0.00777896927966741,22187287.5,104726559.0,87872807.5,2.075928127780239e-09,1.309597730621224e-10,1.9195868585255204e-09,1.6499522344660943e-10,2.685249890264763e-09,6.510761047885488e-10,-7.531150388231025,9.858980605413137,surrogate_token_probs_1_large
