accuracy_base,accuracy_base_err,accuracy_large,accuracy_large_err,dynamic_accuracy,dynamic_accuracy_err,cost_base,cost_large,dynamic_cost,ibc_base2large,ibc_base2large_err,ibc_base2model,ibc_base2model_err,ibc_large2model,ibc_large2model_err,dibc_base2large,dibc_base2large_err,experiment_name
0.35480859010270777,0.014619974520767671,0.6965452847805789,0.014048400762628276,0.6339869281045751,0.014726398925887889,3184521.0,27103368.0,21748047.0,1.4287339798522525e-08,8.476843035519418e-10,1.5039079213823245e-08,1.1178456140226688e-09,1.1681532568449909e-08,3.800426392541177e-09,5.261577213824363,10.01094816213555,surrogate_token_probs_1_large
