accuracy_base,accuracy_base_err,accuracy_large,accuracy_large_err,dynamic_accuracy,dynamic_accuracy_err,cost_base,cost_large,dynamic_cost,ibc_base2large,ibc_base2large_err,ibc_base2model,ibc_base2model_err,ibc_base2lexpert,ibc_base2lexpert_err,ibc_large2expert,ibc_large2expert_err,ibc_large2model,ibc_large2model_err,dibc_base2large,dibc_base2large_err,dibc_base2expert,dibc_base2expert_err,dibc_large2expert,dibc_large2expert_err,experiment_name
0.9225263157894736,0.0054857331694563175,0.9562105263157895,0.0041988447372891995,0.9562105263157895,0.0041997289838478676,28213008.0,61178012.0,36793727.0,1.0218172740496518e-09,2.0956237362934095e-10,3.925569701829867e-09,8.051495415472727e-10,-2.747574442751855e-09,-1.9454941906720904e-10,-7.159573827288687e-10,-6.86510623597293e-11,-0.0,2.435457288752299e-10,284.17531211545327,111.42981617239431,-242.87400700590956,31.00113372680325,-100.0,34.0167913272933,self_verification_1_large
