accuracy_base,accuracy_base_err,accuracy_large,accuracy_large_err,dynamic_accuracy,dynamic_accuracy_err,cost_base,cost_large,dynamic_cost,ibc_base2large,ibc_base2large_err,ibc_base2model,ibc_base2model_err,ibc_large2model,ibc_large2model_err,dibc_base2large,dibc_base2large_err,experiment_name
0.687778768956289,0.013840532271830554,0.9063336306868867,0.00870228063726703,0.8528099910793934,0.010586594884340356,5853904.5,23092405.0,12786588.0,1.2678298888618397e-08,9.484007471797612e-10,2.3804811242732253e-08,2.513480321431788e-09,5.193536777093295e-09,1.3297559262419326e-09,87.76029380489194,24.296229096000932,surrogate_token_probs_1_large
