accuracy_base,accuracy_base_err,accuracy_large,accuracy_large_err,dynamic_accuracy,dynamic_accuracy_err,cost_base,cost_large,dynamic_cost,ibc_base2large,ibc_base2large_err,ibc_base2model,ibc_base2model_err,ibc_large2model,ibc_large2model_err,dibc_base2large,dibc_base2large_err,experiment_name
0.3464373464373464,0.013617523500944239,0.538083538083538,0.01426752824081339,0.5094185094185094,0.014312418420709117,5959309.5,27813051.0,25114243.0,8.769491102756551e-09,9.025029142301363e-10,8.508573677959414e-09,1.031356383820499e-09,1.0621366419926361e-08,7.488157371256089e-09,-2.97528581464804,15.427863299233541,surrogate_token_probs_1_large
