accuracy_base,accuracy_base_err,accuracy_large,accuracy_large_err,dynamic_accuracy,dynamic_accuracy_err,cost_base,cost_large,dynamic_cost,dibc_base2large,dibc_base2expert,dibc_large2expert,experiment_name
0.6925704526046115,0.013484235688849022,0.9060631938514091,0.008525477094678121,0.7122117847993168,0.013235737635758714,6127885.5,24143371.0,7046397.0,80.44680616410295,-142.56923194937303,-391.3203928936624,self_verification_1_base
0.6925704526046115,0.013484235688849022,0.9060631938514091,0.008525477094678121,0.7079419299743809,0.013293535276046604,6127885.5,24143371.0,7664727.0,-15.598651129605887,-119.91113432972756,-408.9091656681109,self_verification_5_base
0.6925704526046115,0.013484235688849022,0.9060631938514091,0.008525477094678121,0.6925704526046115,0.01348999695195695,6127885.5,24143371.0,6317823.0,-100.0,-100.0,-407.72402174982494,surrogate_token_probs_1_base
0.6925704526046115,0.013484235688849022,0.9060631938514091,0.008525477094678121,0.6959863364645602,0.013447884716554637,6127885.5,24143371.0,7248926.0,-74.28747953352287,-106.06584439485754,-419.48866809932355,surrogate_token_probs_5_base
0.6925704526046115,0.013484235688849022,0.9060631938514091,0.008525477094678121,0.8479931682322801,0.010496265305029001,6127885.5,24143371.0,13224485.0,84.81067508459505,-143.5987128929379,-236.64535147300177,self_verification_1_large
0.6925704526046115,0.013484235688849022,0.9060631938514091,0.008525477094678121,0.8462852263023057,0.01054443353958551,6127885.5,24143371.0,13920501.0,66.45437671087451,-139.26827590813377,-250.24135196156016,self_verification_5_large
0.6925704526046115,0.013484235688849022,0.9060631938514091,0.008525477094678121,0.8650725875320239,0.009988112842153094,6127885.5,24143371.0,13520347.0,96.91022109482738,-146.4531185293739,-199.14192696234852,surrogate_token_probs_1_large
0.6925704526046115,0.013484235688849022,0.9060631938514091,0.008525477094678121,0.8701964133219471,0.009825599547334831,6127885.5,24143371.0,18487314.0,21.274895000201656,-128.60997789123772,-262.92952596417695,surrogate_token_probs_5_large
