accuracy_base,accuracy_base_err,accuracy_large,accuracy_large_err,dynamic_accuracy,dynamic_accuracy_err,cost_base,cost_large,dynamic_cost,dibc_base2large,dibc_base2expert,dibc_large2expert,experiment_name
0.35247836349331235,0.013400487524815836,0.7018095987411487,0.012831685490315502,0.36428009441384734,0.013503575123801922,3762868.0,32139168.0,5332450.0,-38.922669616255654,-104.35957253560939,-235.67322572600403,self_verification_1_base
0.35247836349331235,0.013400487524815836,0.7018095987411487,0.012831685490315502,0.3627065302911094,0.01349104407437641,3762868.0,32139168.0,5637442.0,-55.67859083649861,-103.16356980429082,-237.8743934728941,self_verification_5_base
0.35247836349331235,0.013400487524815836,0.7018095987411487,0.012831685490315502,0.37136113296616835,0.013558042094042214,3762868.0,32139168.0,5544706.0,-13.917311559521542,-106.14440287351543,-233.88705400295802,surrogate_token_probs_1_base
0.35247836349331235,0.013400487524815836,0.7018095987411487,0.012831685490315502,0.36664044059795436,0.01352207957950268,3762868.0,32139168.0,5197802.0,-19.829724535028053,-105.72238715892456,-234.05113378869115,surrogate_token_probs_5_base
0.35247836349331235,0.013400487524815836,0.7018095987411487,0.012831685490315502,0.6058221872541306,0.013712505490915478,3762868.0,32139168.0,22491322.0,9.882046636409823,-107.84315145509599,-207.20374878466112,self_verification_1_large
0.35247836349331235,0.013400487524815836,0.7018095987411487,0.012831685490315502,0.6066089693154996,0.013707705967194528,3762868.0,32139168.0,22514906.0,10.08466996570795,-107.85761428600121,-206.58557621076307,self_verification_5_large
0.35247836349331235,0.013400487524815836,0.7018095987411487,0.012831685490315502,0.6050354051927616,0.013717267801920334,3762868.0,32139168.0,22883994.0,7.291265027870071,-107.65822686400159,-212.66811482105518,surrogate_token_probs_1_large
0.35247836349331235,0.013400487524815836,0.7018095987411487,0.012831685490315502,0.5932336742722266,0.013784262451222173,3762868.0,32139168.0,22537098.0,4.16746353479846,-107.43525642455496,-221.8413557990146,surrogate_token_probs_5_large
