accuracy_base,accuracy_base_err,accuracy_large,accuracy_large_err,dynamic_accuracy,dynamic_accuracy_err,cost_base,cost_large,dynamic_cost,ibc_base2large,ibc_base2large_err,ibc_base2model,ibc_base2model_err,ibc_large2model,ibc_large2model_err,dibc_base2large,dibc_base2large_err,experiment_name
0.3492063492063492,0.014566928344101483,0.5359477124183006,0.01523877070370581,0.5004668534080299,0.015285439349901866,5227056.0,24389400.0,22037666.5,9.745225490782936e-09,1.1001350035191662e-09,8.99791855873888e-09,1.2560474822724279e-09,1.508710872650781e-08,9.177868642847907e-09,-7.6684416666485635,16.576101547265804,surrogate_token_probs_1_large
