accuracy_base,accuracy_base_err,accuracy_large,accuracy_large_err,dynamic_accuracy,dynamic_accuracy_err,cost_base,cost_large,dynamic_cost,ibc_base2large,ibc_base2large_err,ibc_base2model,ibc_base2model_err,ibc_large2model,ibc_large2model_err,dibc_base2large,dibc_base2large_err,experiment_name
0.6915052160953801,0.017830371124531938,0.9031296572280179,0.01141850404691786,0.8464977645305514,0.013926207398300994,3512851.5,13822095.0,8170526.0,2.0527640183553507e-08,2.053807276164868e-09,3.3276809797501157e-08,4.857435582022628e-09,1.0020561139298926e-08,3.1865359840832414e-09,62.10733187033417,28.687767858682413,surrogate_token_probs_1_large
