accuracy_base,accuracy_base_err,accuracy_large,accuracy_large_err,dynamic_accuracy,dynamic_accuracy_err,cost_base,cost_large,dynamic_cost,dibc_base2large,dibc_base2expert,dibc_large2expert,experiment_name
0.5081127241673783,0.0146094673428978,0.8599487617421008,0.010141479490259196,0.6806148590947908,0.013630605102049121,3612268.0,35014752.0,21093412.0,-11.925881312097724,-107.23096258845308,-421.99437409165154,self_verification_1_base
0.5081127241673783,0.0146094673428978,0.8599487617421008,0.010141479490259196,0.6695132365499573,0.01375193110400118,3612268.0,35014752.0,21612320.0,-19.969628771665747,-106.57056384910027,-455.1659148198971,self_verification_5_base
0.5081127241673783,0.0146094673428978,0.8599487617421008,0.010141479490259196,0.677198975234842,0.013668871716288198,3612268.0,35014752.0,19680328.0,-6.077740379820541,-107.71110010130344,-397.89028180456813,surrogate_token_probs_1_base
0.5081127241673783,0.0146094673428978,0.8599487617421008,0.010141479490259196,0.6763450042698548,0.013678307720997939,3612268.0,35014752.0,20061032.0,-8.714931968341297,-107.49458435298527,-406.9016651631933,surrogate_token_probs_5_base
0.5081127241673783,0.0146094673428978,0.8599487617421008,0.010141479490259196,0.71733561058924,0.013164483180515952,3612268.0,35014752.0,21264868.0,5.785024489365374,-108.68504352807409,-359.2551941631102,self_verification_1_large
0.5081127241673783,0.0146094673428978,0.8599487617421008,0.010141479490259196,0.7224594363791631,0.013091126999791541,3612268.0,35014752.0,20418968.0,13.830347189900733,-109.34557159609544,-335.4553037959288,self_verification_5_large
0.5081127241673783,0.0146094673428978,0.8599487617421008,0.010141479490259196,0.7421007685738685,0.01278979353548338,3612268.0,35014752.0,19264656.0,33.424856657189856,-110.95429805294637,-287.02769027256835,surrogate_token_probs_1_large
0.5081127241673783,0.0146094673428978,0.8599487617421008,0.010141479490259196,0.7335610589239966,0.012924806591629402,3612268.0,35014752.0,21098472.0,15.073460419625388,-109.44763228533381,-327.01188058772647,surrogate_token_probs_5_large
