accuracy_base,accuracy_base_err,accuracy_large,accuracy_large_err,dynamic_accuracy,dynamic_accuracy_err,cost_base,cost_large,dynamic_cost,dibc_base2large,dibc_base2expert,dibc_large2expert,experiment_name
0.6703157894736842,0.009646216206225345,0.9347368421052632,0.005068120304156935,0.7814736842105263,0.008481422413551805,7180090.0,71218864.0,32469073.0,6.45251529812521,-109.55165389714642,-531.5175489050571,self_verification_1_base
0.6703157894736842,0.009646216206225345,0.9347368421052632,0.005068120304156935,0.744,0.00895707257508931,7180090.0,71218864.0,22552041.0,16.08936146847264,-110.4163382028335,-527.594045626419,self_verification_5_base
0.6703157894736842,0.009646216206225345,0.9347368421052632,0.005068120304156935,0.6745263157894736,0.009616499903096138,7180090.0,71218864.0,8138381.0,6.410860650568025,-109.54791635486704,-550.0491109623531,surrogate_token_probs_1_base
0.6703157894736842,0.009646216206225345,0.9347368421052632,0.005068120304156935,0.6770526315789474,0.009597027359609808,7180090.0,71218864.0,10015793.0,-42.46361057490483,-105.1625616993723,-559.3509837586948,surrogate_token_probs_5_base
0.6703157894736842,0.009646216206225345,0.9347368421052632,0.005068120304156935,0.7658947368421053,0.008690600256719954,7180090.0,71218864.0,15819401.0,167.93541064164265,-124.04101304766304,-432.5104208722351,self_verification_1_large
0.6703157894736842,0.009646216206225345,0.9347368421052632,0.005068120304156935,0.7688421052631579,0.008652320287135013,7180090.0,71218864.0,16982609.0,143.42295480278543,-121.84158644241893,-433.71288143910647,self_verification_5_large
0.6703157894736842,0.009646216206225345,0.9347368421052632,0.005068120304156935,0.8395789473684211,0.0075321869989683895,7180090.0,71218864.0,25049709.0,129.4003759431306,-120.58338395055894,-324.8655658844932,surrogate_token_probs_1_large
0.6703157894736842,0.009646216206225345,0.9347368421052632,0.005068120304156935,0.8071578947368421,0.00809729243494998,7180090.0,71218864.0,26556889.0,71.03488182284714,-115.34642925943103,-411.6528820386994,surrogate_token_probs_5_large
