accuracy_base,accuracy_base_err,accuracy_large,accuracy_large_err,dynamic_accuracy,dynamic_accuracy_err,cost_base,cost_large,dynamic_cost,ibc_base2large,ibc_base2large_err,ibc_base2model,ibc_base2model_err,ibc_large2model,ibc_large2model_err,dibc_base2large,dibc_base2large_err,experiment_name
0.3424124513618677,0.01708930402184373,0.5343709468223087,0.017964464057979895,0.4785992217898833,0.01800223675467663,3762175.5,17553291.0,15488047.5,1.391899701372532e-08,1.7978589806201917e-09,1.1614212608496457e-08,2.1168457356953077e-09,2.700491493251299e-08,1.2314437530865503e-08,-16.55855233646611,18.64010925626458,surrogate_token_probs_1_large
