accuracy_base,accuracy_base_err,accuracy_large,accuracy_large_err,dynamic_accuracy,dynamic_accuracy_err,cost_base,cost_large,dynamic_cost,dibc_base2large,dibc_base2expert,dibc_large2expert,experiment_name
0.6703157894736842,0.009646216206225345,0.9347368421052632,0.005068120304156935,0.7494736842105263,0.008893332150210199,7180090.0,71218864.0,28803857.0,-11.343647145409422,-107.95485945896905,-576.5402370515369,self_verification_1_base
0.6703157894736842,0.009646216206225345,0.9347368421052632,0.005068120304156935,0.7473684210526316,0.008918069090565386,7180090.0,71218864.0,28270761.0,-11.52021516216318,-107.93901655868045,-575.9731648044637,self_verification_5_base
0.6703157894736842,0.009646216206225345,0.9347368421052632,0.005068120304156935,0.7490526315789474,0.008898301824481028,7180090.0,71218864.0,27784813.0,-7.453885199471808,-108.30387572923601,-566.4173483083512,surrogate_token_probs_1_base
0.6703157894736842,0.009646216206225345,0.9347368421052632,0.005068120304156935,0.759578947368421,0.008770661490652528,7180090.0,71218864.0,29401689.0,-2.7154398137452995,-108.7290417312627,-556.9883022713102,surrogate_token_probs_5_base
0.6703157894736842,0.009646216206225345,0.9347368421052632,0.005068120304156935,0.8050526315789474,0.008130747386370875,7180090.0,71218864.0,30592689.0,39.3746265435211,-112.50565278856494,-448.2661176747705,self_verification_1_large
0.6703157894736842,0.009646216206225345,0.9347368421052632,0.005068120304156935,0.8282105263157895,0.00774155654451302,7180090.0,71218864.0,32152513.0,53.12776727306498,-113.73967943302195,-397.49804523426036,self_verification_5_large
0.6703157894736842,0.009646216206225345,0.9347368421052632,0.005068120304156935,0.871578947368421,0.006866431962755291,7180090.0,71218864.0,29677685.0,116.65821831376128,-119.4400696828052,-265.8742162340777,surrogate_token_probs_1_large
0.6703157894736842,0.009646216206225345,0.9347368421052632,0.005068120304156935,0.8673684210526316,0.006961212891843428,7180090.0,71218864.0,32136945.0,91.22266323144045,-117.15781624663475,-288.0661116445048,surrogate_token_probs_5_large
