accuracy_base,accuracy_base_err,accuracy_large,accuracy_large_err,dynamic_accuracy,dynamic_accuracy_err,cost_base,cost_large,dynamic_cost,ibc_base2large,ibc_base2large_err,ibc_base2model,ibc_base2model_err,ibc_large2model,ibc_large2model_err,dibc_base2large,dibc_base2large_err,experiment_name
0.694129763130793,0.014786974640483876,0.90216271884655,0.009534216529428175,0.8455200823892894,0.011604117322339392,5061795.0,19894378.0,11459041.0,1.4025403108531871e-08,1.1861859029188788e-09,2.3664920695326777e-08,2.9382247351580303e-09,6.7149227656536464e-09,1.7804326394364828e-09,68.72898776742493,25.347767098354666,surrogate_token_probs_1_large
