accuracy_base,accuracy_base_err,accuracy_large,accuracy_large_err,dynamic_accuracy,dynamic_accuracy_err,cost_base,cost_large,dynamic_cost,dibc_base2large,dibc_base2expert,dibc_large2expert,experiment_name
0.35247836349331235,0.013400487524815836,0.7018095987411487,0.012831685490315502,0.5704169944925256,0.013890501113011811,3762868.0,32139168.0,23125294.0,-8.569142073378563,-106.52614406392244,-257.06719663107106,self_verification_1_base
0.35247836349331235,0.013400487524815836,0.7018095987411487,0.012831685490315502,0.5538945712037766,0.01394859446521154,3762868.0,32139168.0,24661954.0,-21.71375384593415,-105.58790907370859,-313.15648160723754,self_verification_5_base
0.35247836349331235,0.013400487524815836,0.7018095987411487,0.012831685490315502,0.5523210070810386,0.013953311130705021,3762868.0,32139168.0,22599186.0,-13.819204269439798,-106.15140556739048,-268.84435678304976,surrogate_token_probs_1_base
0.35247836349331235,0.013400487524815836,0.7018095987411487,0.012831685490315502,0.5688434303697876,0.013896710710764518,3762868.0,32139168.0,23493642.0,-10.923864233425212,-106.35806890422845,-265.7203293371846,surrogate_token_probs_5_base
0.35247836349331235,0.013400487524815836,0.7018095987411487,0.012831685490315502,0.5664830841856806,0.013905757022182155,3762868.0,32139168.0,22265798.0,-6.049045857713967,-106.70602327900728,-247.68743195934437,self_verification_1_large
0.35247836349331235,0.013400487524815836,0.7018095987411487,0.012831685490315502,0.5861526357199056,0.013820494976109073,3762868.0,32139168.0,24550658.0,-8.689457037429548,-106.51755623256827,-264.2257781159628,self_verification_5_large
0.35247836349331235,0.013400487524815836,0.7018095987411487,0.012831685490315502,0.6223446105428796,0.013603837933196864,3762868.0,32139168.0,24673002.0,4.835917626619973,-107.48296928432978,-214.68437085358363,surrogate_token_probs_1_large
0.35247836349331235,0.013400487524815836,0.7018095987411487,0.012831685490315502,0.5814319433516916,0.013843012922525296,3762868.0,32139168.0,24593562.0,-10.718383144577876,-106.3727357160537,-271.90076550952244,surrogate_token_probs_5_large
